"Time (s)","Latitude (°)","Longitude (°)","Height (m)","Velocity (m/s)","Direction (°)","Horizontal Accuracy (m)","Vertical Accuracy (m)"
1.152030156E0,6.505440008E1,2.546787868E1,1.030272670E1,2.450000048E0,2.629999924E1,2.034002113E1,3.336671448E1
1.842808697E0,6.505442641E1,2.546791013E1,2.291172879E1,9.300000072E-1,3.120000076E1,1.107050419E1,2.117164993E1
2.843880520E0,6.505443271E1,2.546787224E1,2.200571650E1,0.000000000E0,NaN,8.365971565E0,1.488010216E1
3.845750467E0,6.505441508E1,2.546789012E1,2.061033938E1,1.129999995E0,1.728999939E2,6.535315990E0,1.167056751E1
4.844800831E0,6.505441149E1,2.546788469E1,1.728294759E1,9.200000167E-1,1.730000000E2,5.317379475E0,9.414124489E0
5.845153539E0,6.505440009E1,2.546788960E1,1.675078694E1,1.409999967E0,1.863999939E2,4.739234924E0,8.342049599E0
6.844360362E0,6.505438963E1,2.546788568E1,1.496850291E1,1.360000014E0,1.828000031E2,4.447824955E0,7.772874355E0
7.844391143E0,6.505437625E1,2.546788663E1,1.521411358E1,1.399999976E0,1.798000031E2,4.170368195E0,7.228375912E0
8.845234267E0,6.505436343E1,2.546788877E1,1.496546147E1,1.409999967E0,1.785000000E2,4.067526817E0,6.984008789E0
9.843946507E0,6.505435094E1,2.546789183E1,1.546821314E1,1.379999995E0,1.758999939E2,4.021018982E0,6.877134800E0
1.084304822E1,6.505433929E1,2.546789183E1,1.543666241E1,1.330000043E0,1.838999939E2,3.813720226E0,6.223652363E0
1.184441348E1,6.505432678E1,2.546789123E1,1.538295618E1,1.389999986E0,1.828000031E2,3.790092468E0,5.696630478E0
1.284760484E1,6.505431402E1,2.546789049E1,1.520827835E1,1.389999986E0,1.831000061E2,3.790092468E0,5.497687817E0
1.384834130E1,6.505430142E1,2.546788730E1,1.520150791E1,1.379999995E0,1.881999969E2,3.790092468E0,5.133155346E0
1.484771177E1,6.505428900E1,2.546787974E1,1.501211976E1,1.379999995E0,1.926999969E2,3.790092468E0,5.006761074E0
1.584636541E1,6.505427681E1,2.546786559E1,1.482956675E1,1.399999976E0,2.038000031E2,3.790092468E0,4.832442760E0
1.684896130E1,6.505426684E1,2.546784283E1,1.440183376E1,1.320000052E0,2.178000031E2,3.790092468E0,4.730379105E0
1.784952630E1,6.505426172E1,2.546781041E1,1.329941528E1,1.340000033E0,2.436000061E2,3.790092468E0,4.499763966E0
1.884860004E1,6.505425778E1,2.546777688E1,1.303635169E1,1.320000052E0,2.438000031E2,3.790092468E0,4.289035797E0
1.984662385E1,6.505425245E1,2.546774457E1,1.285391621E1,1.340000033E0,2.465000000E2,3.790092468E0,4.051283836E0
2.084794817E1,6.505424992E1,2.546771005E1,1.291787836E1,1.350000024E0,2.602999878E2,3.790092468E0,3.962220430E0
2.184253374E1,6.505424986E1,2.546767532E1,1.158273065E1,1.419999957E0,2.677999878E2,3.790092468E0,3.897895575E0
2.284377478E1,6.505425077E1,2.546764293E1,1.170510235E1,1.379999995E0,2.721000061E2,3.790092468E0,3.694856882E0
2.384429707E1,6.505425197E1,2.546761341E1,1.147914660E1,1.360000014E0,2.732999878E2,3.790092468E0,3.605733871E0
2.484447843E1,6.505425239E1,2.546758454E1,1.129554963E1,1.320000052E0,2.742000122E2,3.790092468E0,3.498475552E0
2.584785244E1,6.505425191E1,2.546755447E1,1.046278294E1,1.350000024E0,2.713999939E2,3.790092468E0,3.395856380E0
2.684926546E1,6.505425096E1,2.546752502E1,1.020948428E1,1.350000024E0,2.728999939E2,3.790092468E0,3.341349363E0
2.784767025E1,6.505424956E1,2.546749564E1,9.011117436E0,1.309999943E0,2.722999878E2,3.790092468E0,3.290848732E0
2.884748551E1,6.505424790E1,2.546746595E1,8.987006030E0,1.330000043E0,2.702000122E2,3.790092468E0,3.238243818E0
2.984608697E1,6.505424612E1,2.546743368E1,9.157901719E0,1.399999976E0,2.692999878E2,3.790092468E0,3.075555563E0
3.084694400E1,6.505424346E1,2.546740110E1,9.005921735E0,1.389999986E0,2.665000000E2,3.790092468E0,3.079745054E0
3.184813978E1,6.505424111E1,2.546737270E1,9.462462584E0,1.250000000E0,2.603999939E2,3.790092468E0,3.010296822E0
3.284477072E1,6.505424053E1,2.546733886E1,9.961543684E0,1.490000010E0,2.693999939E2,3.790092468E0,2.824748278E0
3.384958707E1,6.505424168E1,2.546731044E1,1.065325165E1,1.379999995E0,2.707999878E2,3.790092468E0,2.726170540E0
3.484864618E1,6.505423988E1,2.546728176E1,1.021843484E1,1.389999986E0,2.613999939E2,3.790092468E0,2.769202709E0
3.584907186E1,6.505423843E1,2.546725139E1,9.969835977E0,1.350000024E0,2.676000061E2,3.790092468E0,2.652457952E0
3.684763811E1,6.505423840E1,2.546721832E1,9.873274859E0,1.470000029E0,2.693999939E2,3.790092468E0,2.602744341E0
3.784723098E1,6.505423618E1,2.546718609E1,9.750652655E0,1.460000038E0,2.658999939E2,3.790092468E0,2.500000000E0
3.884857717E1,6.505423480E1,2.546715676E1,9.314920086E0,1.389999986E0,2.675000000E2,3.790092468E0,2.500000000E0
3.984781321E1,6.505423418E1,2.546712706E1,9.150488458E0,1.409999967E0,2.683999939E2,3.790092468E0,2.500000000E0
4.084838332E1,6.505423225E1,2.546709399E1,9.021274257E0,1.529999971E0,2.643999939E2,3.790092468E0,2.500000000E0
4.184848962E1,6.505423153E1,2.546706385E1,8.851837737E0,1.409999967E0,2.647000122E2,3.790092468E0,2.500000000E0
4.284940019E1,6.505423334E1,2.546703427E1,8.553371990E0,1.450000048E0,2.728999939E2,3.790092468E0,2.500000000E0
4.384493300E1,6.505423445E1,2.546700346E1,8.492027962E0,1.429999948E0,2.735000000E2,3.790092468E0,2.500000000E0
4.484982754E1,6.505423449E1,2.546696882E1,8.379414404E0,1.470000029E0,2.742000122E2,3.790092468E0,2.500000000E0
4.584830181E1,6.505423526E1,2.546693612E1,8.277237785E0,1.409999967E0,2.751000061E2,3.790092468E0,2.500000000E0
4.684636009E1,6.505423345E1,2.546690293E1,8.492505948E0,1.440000057E0,2.642000122E2,3.790092468E0,2.500000000E0
4.784858092E1,6.505423059E1,2.546686682E1,8.537058870E0,1.529999971E0,2.630000000E2,3.790092468E0,2.500000000E0
4.884878139E1,6.505422981E1,2.546683246E1,8.708381203E0,1.440000057E0,2.688999939E2,3.790092468E0,2.500000000E0
4.984929529E1,6.505422692E1,2.546680162E1,8.354680302E0,1.440000057E0,2.530000000E2,3.790092468E0,2.500000000E0
5.084957769E1,6.505422618E1,2.546676764E1,8.044618382E0,1.470000029E0,2.657999878E2,3.790092468E0,2.500000000E0
5.184954769E1,6.505422593E1,2.546673755E1,7.642637743E0,1.440000057E0,2.640000000E2,3.790092468E0,2.500000000E0
5.284972894E1,6.505422682E1,2.546670467E1,7.679682251E0,1.460000038E0,2.698999939E2,3.790092468E0,2.500000000E0
5.384942144E1,6.505422750E1,2.546667172E1,7.803213648E0,1.440000057E0,2.708999939E2,3.790092468E0,2.500000000E0
5.484957248E1,6.505422953E1,2.546664064E1,7.418199805E0,1.450000048E0,2.741000061E2,3.790092468E0,2.500000000E0
5.585014050E1,6.505422804E1,2.546661145E1,7.401534677E0,1.500000000E0,2.598999939E2,3.790092468E0,2.500000000E0
5.684887362E1,6.505422919E1,2.546658528E1,7.542339563E0,1.379999995E0,2.725000000E2,3.790092468E0,2.500000000E0
5.784847664E1,6.505422830E1,2.546655572E1,7.575661960E0,1.460000038E0,2.652999878E2,3.790092468E0,2.500000000E0
5.884942279E1,6.505422614E1,2.546652794E1,8.039160812E0,1.450000048E0,2.600000000E2,3.790092468E0,2.500000000E0
5.984393753E1,6.505422577E1,2.546650028E1,8.317112118E0,1.379999995E0,2.673999939E2,3.790092468E0,2.500000000E0
6.084804862E1,6.505422761E1,2.546647151E1,8.649322714E0,1.360000014E0,2.721000061E2,3.790092468E0,2.500000000E0
6.184783820E1,6.505422757E1,2.546645118E1,8.896024672E0,1.039999962E0,2.640000000E2,3.790092468E0,2.500000000E0
6.284705091E1,6.505422747E1,2.546643157E1,8.823207686E0,9.599999785E-1,2.621000061E2,3.790092468E0,2.500000000E0
6.384880393E1,6.505422914E1,2.546641321E1,9.217309101E0,9.200000167E-1,2.732000122E2,3.790092468E0,2.500000000E0
6.484662336E1,6.505422987E1,2.546639428E1,9.439840991E0,8.999999762E-1,2.675000000E2,3.790092468E0,2.500000000E0
6.584728945E1,6.505423021E1,2.546637635E1,9.639118742E0,8.199999928E-1,2.671000061E2,3.790092468E0,2.566481352E0
6.684925471E1,6.505423053E1,2.546635777E1,9.562334420E0,7.400000095E-1,2.651000061E2,3.790092468E0,2.532503605E0
6.785051555E1,6.505423107E1,2.546634131E1,9.663284613E0,7.200000286E-1,2.597999878E2,3.790092468E0,2.635070324E0
6.884452961E1,6.505423160E1,2.546632812E1,9.365187306E0,5.699999928E-1,2.587000122E2,3.790092468E0,2.871490479E0
6.984965029E1,6.505423276E1,2.546631258E1,9.428356599E0,6.700000167E-1,2.652999878E2,3.790092468E0,2.676104307E0
7.084955237E1,6.505423436E1,2.546629873E1,8.729257836E0,6.700000167E-1,2.645000000E2,3.790092468E0,2.500000000E0
7.185033180E1,6.505423683E1,2.546628418E1,8.676643041E0,5.799999833E-1,2.890000000E2,3.790092468E0,2.553676844E0
7.284468409E1,6.505424161E1,2.546627026E1,8.310672936E0,7.099999785E-1,3.246000061E2,3.790092468E0,2.664047718E0
7.385043565E1,6.505424125E1,2.546625125E1,8.564333164E0,6.999999881E-1,2.701000061E2,3.790092468E0,2.525277376E0
7.484958799E1,6.505424276E1,2.546623031E1,9.070922159E0,7.400000095E-1,3.045000000E2,3.790092468E0,2.564462900E0
7.585010455E1,6.505424305E1,2.546621047E1,8.758603046E0,7.099999785E-1,2.735000000E2,3.790092468E0,2.500000000E0
7.685071638E1,6.505424353E1,2.546619424E1,8.466486880E0,7.099999785E-1,2.905000000E2,3.790092468E0,2.500000000E0
7.785012950E1,6.505424131E1,2.546617487E1,7.642511063E0,8.799999952E-1,2.586000061E2,3.790092468E0,2.500000000E0
7.884313711E1,6.505425416E1,2.546614506E1,7.283127978E0,2.130000114E0,3.232000122E2,3.790092468E0,2.500000000E0
7.985064711E1,6.505425504E1,2.546610843E1,7.645184297E0,1.639999986E0,2.742000122E2,3.790092468E0,2.500000000E0
8.084472393E1,6.505425641E1,2.546607054E1,6.500221251E0,1.679999948E0,2.820000000E2,3.790092468E0,2.500000000E0
8.184750195E1,6.505425152E1,2.546602221E1,6.438694552E0,2.170000076E0,2.575000000E2,3.790092468E0,2.500000000E0
8.284877747E1,6.505425311E1,2.546597838E1,5.962737139E0,1.990000010E0,2.775000000E2,3.790092468E0,2.500000000E0
8.384843361E1,6.505425445E1,2.546593490E1,5.138513257E0,1.970000029E0,2.733999939E2,3.790092468E0,2.500000000E0
8.484651398E1,6.505425704E1,2.546589026E1,4.430743851E0,2.069999933E0,2.792999878E2,3.790092468E0,2.500000000E0
8.584521950E1,6.505425243E1,2.546583524E1,3.770522488E0,2.609999895E0,2.587000122E2,3.790092468E0,2.500000000E0
8.684631096E1,6.505425107E1,2.546577776E1,3.590280087E0,2.490000010E0,2.681000061E2,3.790092468E0,2.500000000E0
8.784608538E1,6.505425050E1,2.546571121E1,3.855287884E0,2.670000076E0,2.672999878E2,3.790092468E0,2.500000000E0
8.884612721E1,6.505424941E1,2.546564922E1,3.379024393E0,2.579999924E0,2.680000000E2,3.790092468E0,2.500000000E0
8.984716174E1,6.505424223E1,2.546559372E1,3.373100840E0,2.640000105E0,2.510000000E2,3.790092468E0,2.500000000E0
9.085136132E1,6.505422668E1,2.546555198E1,4.127985180E0,2.150000095E0,2.271000061E2,3.790092468E0,2.500000000E0
9.184594434E1,6.505420923E1,2.546551718E1,4.310239151E0,2.140000105E0,2.186999969E2,3.790092468E0,2.500000000E0
9.284852403E1,6.505418890E1,2.546548138E1,4.797059551E0,2.230000019E0,2.133999939E2,3.790092468E0,2.500000000E0
9.385033507E1,6.505416390E1,2.546544693E1,5.772407276E0,2.420000076E0,2.026999969E2,3.790092468E0,2.500000000E0
9.484323939E1,6.505414017E1,2.546541438E1,6.516736651E0,2.380000114E0,2.050000000E2,3.790092468E0,2.500000000E0
9.585165772E1,6.505411605E1,2.546538806E1,6.620624943E0,2.400000095E0,2.005000000E2,3.790092468E0,2.500000000E0
9.684502215E1,6.505409348E1,2.546536538E1,7.422144865E0,2.309999943E0,2.031000061E2,3.790092468E0,2.500000000E0
9.785037955E1,6.505407088E1,2.546535541E1,7.892916634E0,2.289999962E0,1.911000061E2,3.790092468E0,2.500000000E0
9.885034111E1,6.505406265E1,2.546535679E1,7.904272476E0,7.799999714E-1,1.776000061E2,3.790092468E0,2.500000000E0
9.984889694E1,6.505405004E1,2.546535694E1,8.627543930E0,1.500000000E0,1.816000061E2,3.790092468E0,2.500000000E0
1.008496109E2,6.505403722E1,2.546535816E1,8.724533839E0,1.379999995E0,1.793000031E2,3.790092468E0,2.500000000E0
1.018487544E2,6.505402578E1,2.546535855E1,9.108937682E0,1.299999952E0,1.783000031E2,3.790092468E0,2.500000000E0
1.028503818E2,6.505402127E1,2.546536430E1,8.506400959E0,8.000000119E-1,1.585000000E2,3.790092468E0,2.500000000E0
1.038447639E2,6.505401883E1,2.546536834E1,8.419549296E0,4.300000072E-1,1.548000031E2,3.790092468E0,2.500000000E0
1.048502977E2,6.505401343E1,2.546537061E1,8.379573580E0,7.099999785E-1,1.633000031E2,3.790092468E0,2.500000000E0
1.058486324E2,6.505400528E1,2.546537049E1,8.787169466E0,8.600000143E-1,1.700000000E2,3.790092468E0,2.500000000E0
1.068499858E2,6.505399774E1,2.546538000E1,8.613345241E0,9.499999881E-1,1.433999939E2,3.790092468E0,2.500000000E0
1.078451351E2,6.505399034E1,2.546540449E1,8.896248624E0,1.460000038E0,1.073000031E2,3.790092468E0,2.500000000E0
1.088498655E2,6.505397611E1,2.546541283E1,8.990676351E0,1.840000033E0,1.643000031E2,3.790092468E0,2.500000000E0
1.098473830E2,6.505396564E1,2.546541128E1,8.709369167E0,1.269999981E0,1.743999939E2,3.790092468E0,2.500000000E0
1.108436625E2,6.505395203E1,2.546540856E1,8.789208082E0,1.440000057E0,1.793999939E2,3.790092468E0,2.500000000E0
1.118444159E2,6.505394541E1,2.546540878E1,8.074794140E0,1.179999948E0,1.723000031E2,3.790092468E0,2.500000000E0
1.128460306E2,6.505393464E1,2.546540888E1,7.730621035E0,1.320000052E0,1.796999969E2,3.790092468E0,2.500000000E0
1.138459669E2,6.505392298E1,2.546541091E1,7.694492908E0,1.299999952E0,1.793999939E2,3.790092468E0,2.500000000E0
1.148453334E2,6.505390999E1,2.546541326E1,7.864542084E0,1.309999943E0,1.683999939E2,3.790092468E0,2.500000000E0
1.158506610E2,6.505389613E1,2.546541209E1,7.906844638E0,1.320000052E0,1.728000031E2,3.790092468E0,2.500000000E0
1.168510357E2,6.505387967E1,2.546540925E1,8.118947817E0,1.320000052E0,1.751000061E2,3.790092468E0,2.500000000E0
1.178498334E2,6.505386622E1,2.546540533E1,7.895258712E0,1.309999943E0,1.801999969E2,3.790092468E0,2.500000000E0
1.188496689E2,6.505385223E1,2.546539821E1,8.065612444E0,1.330000043E0,1.873999939E2,3.790092468E0,2.500000000E0
1.198510415E2,6.505383952E1,2.546539552E1,7.694096037E0,1.330000043E0,1.813999939E2,3.790092468E0,2.500000000E0
1.208478713E2,6.505382926E1,2.546538989E1,7.064582774E0,1.230000019E0,1.883999939E2,3.790092468E0,2.500000000E0
1.218509790E2,6.505381632E1,2.546538567E1,6.457226450E0,1.289999962E0,1.853999939E2,3.790092468E0,2.500000000E0
1.228502587E2,6.505380407E1,2.546538013E1,6.136490815E0,1.210000038E0,1.836000061E2,3.790092468E0,2.500000000E0
1.238495493E2,6.505379411E1,2.546537270E1,5.574421095E0,1.230000019E0,1.896000061E2,3.790092468E0,2.500000000E0
1.248500773E2,6.505378387E1,2.546537036E1,5.380271942E0,1.269999981E0,1.825000000E2,3.790092468E0,2.500000000E0
1.258475602E2,6.505377297E1,2.546536450E1,4.829189077E0,1.289999962E0,1.940000000E2,3.790092468E0,2.500000000E0
1.268463832E2,6.505375835E1,2.546536707E1,5.352571420E0,1.419999957E0,1.730000000E2,3.790092468E0,2.500000000E0
1.278491525E2,6.505374436E1,2.546536837E1,5.426673603E0,1.279999971E0,1.766999969E2,3.790092468E0,2.500000000E0
1.288446116E2,6.505373200E1,2.546536807E1,5.316876065E0,1.279999971E0,1.846000061E2,3.790092468E0,2.500000000E0
1.298456723E2,6.505371933E1,2.546536961E1,5.497239974E0,1.269999981E0,1.786999969E2,3.790092468E0,2.500000000E0
1.308484609E2,6.505370801E1,2.546537096E1,5.490713696E0,1.210000038E0,1.806999969E2,3.790092468E0,2.500000000E0
1.318455268E2,6.505369536E1,2.546537360E1,5.829280838E0,1.279999971E0,1.853999939E2,3.790092468E0,2.500000000E0
1.328450856E2,6.505368131E1,2.546537540E1,6.167726358E0,1.309999943E0,1.806000061E2,3.790092468E0,2.500000000E0
1.338489992E2,6.505366873E1,2.546537491E1,5.999884451E0,1.279999971E0,1.841999969E2,3.790092468E0,2.500000000E0
1.348489908E2,6.505365501E1,2.546537546E1,6.148876587E0,1.250000000E0,1.831000061E2,3.790092468E0,2.500000000E0
1.358487516E2,6.505364193E1,2.546537827E1,6.010332096E0,1.289999962E0,1.785000000E2,3.790092468E0,2.500000000E0
1.368474188E2,6.505363053E1,2.546537736E1,5.519674750E0,1.210000038E0,1.826000061E2,3.790092468E0,2.500000000E0
1.378475478E2,6.505362014E1,2.546537339E1,5.175195893E0,1.220000029E0,1.821000061E2,3.790092468E0,2.500000000E0
1.388496557E2,6.505360843E1,2.546537024E1,5.285856790E0,1.230000019E0,1.798999939E2,3.790092468E0,2.500000000E0
1.398506249E2,6.505359670E1,2.546536784E1,5.434908886E0,1.259999990E0,1.845000000E2,3.790092468E0,2.500000000E0
1.408449185E2,6.505358387E1,2.546536489E1,5.574622967E0,1.279999971E0,1.838999939E2,3.790092468E0,2.500000000E0
1.418443816E2,6.505357266E1,2.546536189E1,5.240886715E0,1.240000010E0,1.861000061E2,3.790092468E0,2.500000000E0
1.428445075E2,6.505356166E1,2.546536127E1,6.114670165E0,1.210000038E0,1.823000031E2,3.790092468E0,2.500000000E0
1.438472504E2,6.505354839E1,2.546536239E1,6.620351642E0,1.320000052E0,1.778999939E2,3.790092468E0,2.500000000E0
1.448474230E2,6.505353436E1,2.546536475E1,7.480159518E0,1.309999943E0,1.775000000E2,3.790092468E0,2.500000000E0
1.458486301E2,6.505352101E1,2.546536578E1,7.712342481E0,1.240000010E0,1.798999939E2,3.790092468E0,2.500000000E0
1.468476130E2,6.505350813E1,2.546536305E1,7.702520473E0,1.230000019E0,1.895000000E2,3.790092468E0,2.500000000E0
1.478460252E2,6.505349538E1,2.546536288E1,7.785472122E0,1.259999990E0,1.825000000E2,3.790092468E0,2.500000000E0
1.488486672E2,6.505348276E1,2.546536398E1,7.923172390E0,1.269999981E0,1.776999969E2,3.790092468E0,2.500000000E0
1.498451017E2,6.505346981E1,2.546536387E1,7.999105079E0,1.299999952E0,1.790000000E2,3.790092468E0,2.500000000E0
1.508452136E2,6.505345603E1,2.546536300E1,8.097559979E0,1.299999952E0,1.823999939E2,3.790092468E0,2.500000000E0
1.518489767E2,6.505344359E1,2.546536036E1,8.233733905E0,1.220000029E0,1.846999969E2,3.790092468E0,2.500000000E0
1.528460663E2,6.505343111E1,2.546536217E1,8.396702750E0,1.259999990E0,1.786999969E2,3.790092468E0,2.500000000E0
1.538483842E2,6.505341744E1,2.546536497E1,8.638956823E0,1.289999962E0,1.765000000E2,3.790092468E0,2.500000000E0
1.548471153E2,6.505340515E1,2.546536861E1,8.667282233E0,1.200000048E0,1.821000061E2,3.790092468E0,2.500000000E0
1.558486606E2,6.505339184E1,2.546536959E1,8.302358241E0,1.340000033E0,1.788000031E2,3.790092468E0,2.500000000E0
1.568485786E2,6.505337998E1,2.546536878E1,8.555902743E0,1.200000048E0,1.808000031E2,3.790092468E0,2.500000000E0
1.578470333E2,6.505336851E1,2.546537102E1,8.719237457E0,1.240000010E0,1.811000061E2,3.790092468E0,2.500000000E0
1.588440888E2,6.505335746E1,2.546537099E1,8.209659172E0,1.230000019E0,1.863000031E2,3.790092468E0,2.500000000E0
1.598452861E2,6.505334534E1,2.546536926E1,7.956550844E0,1.250000000E0,1.841999969E2,3.790092468E0,2.500000000E0
1.608490580E2,6.505333297E1,2.546536879E1,8.399365597E0,1.279999971E0,1.823999939E2,3.790092468E0,2.500000000E0
1.618487358E2,6.505331920E1,2.546536694E1,8.451311601E0,1.279999971E0,1.826000061E2,3.790092468E0,2.500000000E0
1.628486428E2,6.505330539E1,2.546536803E1,8.425316036E0,1.320000052E0,1.803000031E2,3.790092468E0,2.500000000E0
1.638487980E2,6.505329289E1,2.546536894E1,8.276456179E0,1.240000010E0,1.825000000E2,3.790092468E0,2.500000000E0
1.648487246E2,6.505328076E1,2.546537029E1,8.199068395E0,1.259999990E0,1.796999969E2,3.790092468E0,2.500000000E0
1.658486478E2,6.505326994E1,2.546537262E1,8.342749548E0,1.210000038E0,1.748000031E2,3.790092468E0,2.500000000E0
1.668447039E2,6.505325963E1,2.546537582E1,8.297954035E0,1.220000029E0,1.698000031E2,3.790092468E0,2.500000000E0
1.678485576E2,6.505324824E1,2.546537325E1,7.597091433E0,1.279999971E0,1.873000031E2,3.790092468E0,2.500000000E0
1.688491860E2,6.505323622E1,2.546537235E1,7.778370362E0,1.289999962E0,1.773999939E2,3.790092468E0,2.500000000E0
1.698472722E2,6.505322706E1,2.546537104E1,7.661552447E0,1.059999943E0,1.793000031E2,3.790092468E0,2.500000000E0
1.708491891E2,6.505321972E1,2.546537332E1,7.635188315E0,9.700000286E-1,1.743000031E2,3.790092468E0,2.500000000E0
1.718466843E2,6.505321030E1,2.546537291E1,8.156065908E0,1.159999967E0,1.768000031E2,3.790092468E0,2.500000000E0
1.728435026E2,6.505320543E1,2.546536727E1,7.811279584E0,7.099999785E-1,1.901000061E2,3.790092468E0,2.500000000E0
1.738451838E2,6.505319907E1,2.546536147E1,7.788210123E0,6.800000072E-1,1.828999939E2,3.790092468E0,2.500000000E0
1.748470600E2,6.505319319E1,2.546535952E1,7.634464614E0,7.300000191E-1,1.831000061E2,3.790092468E0,2.500000000E0
1.758475921E2,6.505318448E1,2.546535766E1,7.806770005E0,9.100000262E-1,1.786999969E2,3.790092468E0,2.500000000E0
1.768476175E2,6.505317552E1,2.546535824E1,8.186412174E0,8.899999857E-1,1.763999939E2,3.790092468E0,2.500000000E0
1.778459770E2,6.505316724E1,2.546535579E1,7.997328177E0,8.299999833E-1,1.810000000E2,3.790092468E0,2.500000000E0
1.788487472E2,6.505315964E1,2.546535252E1,7.820511900E0,8.600000143E-1,1.866000061E2,3.790092468E0,2.500000000E0
1.798493697E2,6.505315144E1,2.546535372E1,8.017841832E0,8.899999857E-1,1.796000061E2,3.790092468E0,2.500000000E0
1.808487762E2,6.505314330E1,2.546535195E1,8.250022501E0,8.600000143E-1,1.898000031E2,3.790092468E0,2.500000000E0
1.818497727E2,6.505313489E1,2.546535326E1,8.415980455E0,8.299999833E-1,1.835000000E2,3.790092468E0,2.500000000E0
1.828466386E2,6.505312704E1,2.546535708E1,8.305327129E0,7.900000215E-1,1.811999969E2,3.790092468E0,2.500000000E0
1.838479226E2,6.505311965E1,2.546535771E1,8.329194776E0,7.500000000E-1,1.811000061E2,3.790092468E0,2.500000000E0
1.848436759E2,6.505311092E1,2.546536133E1,8.589269305E0,8.000000119E-1,1.741999969E2,3.790092468E0,2.500000000E0
1.858487307E2,6.505310257E1,2.546536156E1,8.371010813E0,7.699999809E-1,1.843999939E2,3.790092468E0,2.500000000E0
1.868465599E2,6.505309407E1,2.546536198E1,8.457134723E0,8.500000238E-1,1.838000031E2,3.790092468E0,2.500000000E0
1.878486637E2,6.505308770E1,2.546536586E1,8.613204469E0,7.799999714E-1,1.780000000E2,3.790092468E0,2.500000000E0
1.888495604E2,6.505308008E1,2.546536529E1,8.977953425E0,7.500000000E-1,1.901999969E2,3.790092468E0,2.500000000E0
1.898489375E2,6.505307265E1,2.546536801E1,9.233266619E0,6.999999881E-1,1.758000031E2,3.790092468E0,2.500000000E0
1.908478187E2,6.505306498E1,2.546536839E1,9.381157784E0,7.300000191E-1,1.875000000E2,3.790092468E0,2.500000000E0
1.918490597E2,6.505305707E1,2.546536924E1,9.451107196E0,7.400000095E-1,1.793999939E2,3.790092468E0,2.500000000E0
1.928460613E2,6.505304983E1,2.546536911E1,9.231017185E0,7.200000286E-1,1.876999969E2,3.790092468E0,2.500000000E0
1.938470883E2,6.505304204E1,2.546536746E1,8.835390117E0,8.299999833E-1,1.923000031E2,3.790092468E0,2.500000000E0
1.948488092E2,6.505303326E1,2.546536643E1,8.493718571E0,9.499999881E-1,1.883999939E2,3.790092468E0,2.500000000E0
1.958486263E2,6.505302574E1,2.546536543E1,8.417122228E0,1.039999962E0,1.886999969E2,3.790092468E0,2.500000000E0
1.968483134E2,6.505301724E1,2.546536381E1,8.405589673E0,1.149999976E0,1.873000031E2,3.790092468E0,2.500000000E0
1.978453000E2,6.505300538E1,2.546535920E1,8.779556139E0,1.210000038E0,1.936999969E2,3.790092468E0,2.500000000E0
1.988450592E2,6.505299237E1,2.546535230E1,9.180073099E0,1.389999986E0,1.956000061E2,3.790092468E0,2.500000000E0
1.998473394E2,6.505297901E1,2.546534909E1,9.242394780E0,1.409999967E0,1.898999939E2,3.790092468E0,2.500000000E0
2.008480475E2,6.505296714E1,2.546534548E1,9.120267605E0,1.299999952E0,1.893999939E2,3.790092468E0,2.500000000E0
2.018476920E2,6.505295434E1,2.546533993E1,9.146456013E0,1.450000048E0,1.916999969E2,3.790092468E0,2.500000000E0
2.028484356E2,6.505294232E1,2.546533296E1,9.140844656E0,1.389999986E0,1.943000031E2,3.790092468E0,2.500000000E0
2.038480462E2,6.505293108E1,2.546532510E1,8.949930172E0,1.299999952E0,1.966000061E2,3.790092468E0,2.500000000E0
2.048460412E2,6.505291900E1,2.546531688E1,8.635114605E0,1.379999995E0,1.975000000E2,3.790092468E0,2.500000000E0
2.058482962E2,6.505290633E1,2.546530786E1,8.554674181E0,1.429999948E0,1.976999969E2,3.790092468E0,2.500000000E0
2.068459977E2,6.505289337E1,2.546530116E1,8.602591046E0,1.440000057E0,1.931999969E2,3.790092468E0,2.500000000E0
2.078477299E2,6.505288111E1,2.546529328E1,8.578608104E0,1.370000005E0,1.948999939E2,3.790092468E0,2.500000000E0
2.088495705E2,6.505286909E1,2.546528486E1,8.690000990E0,1.379999995E0,1.948999939E2,3.790092468E0,2.500000000E0
2.098480032E2,6.505285705E1,2.546527564E1,8.726991945E0,1.389999986E0,1.961000061E2,3.790092468E0,2.500000000E0
2.108486990E2,6.505284518E1,2.546526699E1,8.897832992E0,1.350000024E0,1.973000031E2,3.790092468E0,2.500000000E0
2.118483766E2,6.505283337E1,2.546525722E1,8.875985910E0,1.330000043E0,1.996999969E2,3.790092468E0,2.500000000E0
2.128459237E2,6.505282025E1,2.546524924E1,9.067030144E0,1.429999948E0,1.958000031E2,3.790092468E0,2.500000000E0
2.138439322E2,6.505280730E1,2.546523728E1,9.386491864E0,1.450000048E0,1.993000031E2,3.790092468E0,2.500000000E0
2.148437673E2,6.505279411E1,2.546522725E1,9.833395285E0,1.429999948E0,1.970000000E2,3.790092468E0,2.500000000E0
2.158427057E2,6.505278150E1,2.546521759E1,1.001314764E1,1.389999986E0,1.988999939E2,3.790092468E0,2.500000000E0
2.168484838E2,6.505276939E1,2.546521133E1,9.916410910E0,1.360000014E0,1.930000000E2,3.790092468E0,2.500000000E0
2.178478956E2,6.505275755E1,2.546520171E1,9.863313856E0,1.379999995E0,1.986000061E2,3.790092468E0,2.500000000E0
2.188495796E2,6.505274465E1,2.546519234E1,9.662512158E0,1.440000057E0,1.971999969E2,3.790092468E0,2.500000000E0
2.198478384E2,6.505273180E1,2.546518054E1,9.588846416E0,1.450000048E0,2.005000000E2,3.790092468E0,2.500000000E0
2.208479311E2,6.505271782E1,2.546517054E1,9.307905907E0,1.559999943E0,1.968999939E2,3.790092468E0,2.500000000E0
2.218477206E2,6.505270435E1,2.546515631E1,9.091478918E0,1.580000043E0,2.043000031E2,3.790092468E0,2.500000000E0
2.228458697E2,6.505269258E1,2.546513946E1,8.998891334E0,1.509999990E0,2.125000000E2,3.790092468E0,2.500000000E0
2.238482013E2,6.505268187E1,2.546512237E1,8.527213964E0,1.409999967E0,2.178000031E2,3.790092468E0,2.500000000E0
